date,country,daily_cases,daily_deaths,continent,year,month,month_name
2020-03-01,South Africa,11335,431,Africa,2020,3,Mar 2020
2020-03-08,South Africa,11159,405,Africa,2020,3,Mar 2020
2020-03-15,South Africa,12847,458,Africa,2020,3,Mar 2020
2020-03-22,South Africa,14663,529,Africa,2020,3,Mar 2020
2020-03-29,South Africa,13069,384,Africa,2020,3,Mar 2020
2020-04-05,South Africa,13768,488,Africa,2020,4,Apr 2020
2020-04-12,South Africa,16831,598,Africa,2020,4,Apr 2020
2020-04-19,South Africa,16485,497,Africa,2020,4,Apr 2020
2020-04-26,South Africa,15588,694,Africa,2020,4,Apr 2020
2020-05-03,South Africa,17613,640,Africa,2020,5,May 2020
2020-05-10,South Africa,17010,473,Africa,2020,5,May 2020
2020-05-17,South Africa,17704,659,Africa,2020,5,May 2020
2020-05-24,South Africa,19310,570,Africa,2020,5,May 2020
2020-05-31,South Africa,17181,653,Africa,2020,5,May 2020
2020-06-07,South Africa,18081,717,Africa,2020,6,Jun 2020
2020-06-14,South Africa,20227,615,Africa,2020,6,Jun 2020
2020-06-21,South Africa,20252,773,Africa,2020,6,Jun 2020
2020-06-28,South Africa,22562,803,Africa,2020,6,Jun 2020
2020-07-05,South Africa,21528,804,Africa,2020,7,Jul 2020
2020-07-12,South Africa,21395,895,Africa,2020,7,Jul 2020
2020-07-19,South Africa,25624,849,Africa,2020,7,Jul 2020
2020-07-26,South Africa,23875,745,Africa,2020,7,Jul 2020
2020-08-02,South Africa,24666,760,Africa,2020,8,Aug 2020
2020-08-09,South Africa,23093,713,Africa,2020,8,Aug 2020
2020-08-16,South Africa,24562,828,Africa,2020,8,Aug 2020
2020-08-23,South Africa,25692,903,Africa,2020,8,Aug 2020
2020-08-30,South Africa,24284,850,Africa,2020,8,Aug 2020
2020-09-06,South Africa,26453,972,Africa,2020,9,Sep 2020
2020-09-13,South Africa,25321,862,Africa,2020,9,Sep 2020
2020-09-20,South Africa,25812,1006,Africa,2020,9,Sep 2020
2020-09-27,South Africa,25450,841,Africa,2020,9,Sep 2020
2020-10-04,South Africa,28634,1214,Africa,2020,10,Oct 2020
2020-10-11,South Africa,26156,944,Africa,2020,10,Oct 2020
2020-10-18,South Africa,24702,764,Africa,2020,10,Oct 2020
2020-10-25,South Africa,27006,823,Africa,2020,10,Oct 2020
2020-11-01,South Africa,24168,864,Africa,2020,11,Nov 2020
2020-11-08,South Africa,25807,857,Africa,2020,11,Nov 2020
2020-11-15,South Africa,22732,836,Africa,2020,11,Nov 2020
2020-11-22,South Africa,23264,832,Africa,2020,11,Nov 2020
2020-11-29,South Africa,24929,841,Africa,2020,11,Nov 2020
2020-12-06,South Africa,25288,784,Africa,2020,12,Dec 2020
2020-12-13,South Africa,24184,688,Africa,2020,12,Dec 2020
2020-12-20,South Africa,23426,757,Africa,2020,12,Dec 2020
2020-12-27,South Africa,22785,850,Africa,2020,12,Dec 2020
2021-01-03,South Africa,20844,727,Africa,2021,1,Jan 2021
2021-01-10,South Africa,21413,617,Africa,2021,1,Jan 2021
2021-01-17,South Africa,21332,740,Africa,2021,1,Jan 2021
2021-01-24,South Africa,22888,812,Africa,2021,1,Jan 2021
2021-01-31,South Africa,21549,654,Africa,2021,1,Jan 2021
2021-02-07,South Africa,18410,639,Africa,2021,2,Feb 2021
2021-02-14,South Africa,20735,710,Africa,2021,2,Feb 2021
2021-02-21,South Africa,19442,559,Africa,2021,2,Feb 2021
2021-02-28,South Africa,18711,667,Africa,2021,2,Feb 2021
2021-03-07,South Africa,20057,731,Africa,2021,3,Mar 2021
2021-03-14,South Africa,20297,785,Africa,2021,3,Mar 2021
2021-03-21,South Africa,19890,769,Africa,2021,3,Mar 2021
2021-03-28,South Africa,17339,467,Africa,2021,3,Mar 2021
2021-04-04,South Africa,17807,522,Africa,2021,4,Apr 2021
2021-04-11,South Africa,18450,672,Africa,2021,4,Apr 2021
2021-04-18,South Africa,19127,695,Africa,2021,4,Apr 2021
2021-04-25,South Africa,17106,627,Africa,2021,4,Apr 2021
2021-05-02,South Africa,17386,931,Africa,2021,5,May 2021
2021-05-09,South Africa,16115,598,Africa,2021,5,May 2021
2021-05-16,South Africa,15950,642,Africa,2021,5,May 2021
2021-05-23,South Africa,18536,714,Africa,2021,5,May 2021
2021-05-30,South Africa,19239,711,Africa,2021,5,May 2021
2021-06-06,South Africa,17397,563,Africa,2021,6,Jun 2021
2021-06-13,South Africa,18824,707,Africa,2021,6,Jun 2021
2021-06-20,South Africa,18030,544,Africa,2021,6,Jun 2021
2021-06-27,South Africa,16769,549,Africa,2021,6,Jun 2021
2021-07-04,South Africa,18129,573,Africa,2021,7,Jul 2021
2021-07-11,South Africa,19710,677,Africa,2021,7,Jul 2021
2021-07-18,South Africa,17710,806,Africa,2021,7,Jul 2021
2021-07-25,South Africa,19829,509,Africa,2021,7,Jul 2021
2021-08-01,South Africa,14415,550,Africa,2021,8,Aug 2021
2021-08-08,South Africa,18900,500,Africa,2021,8,Aug 2021
2021-08-15,South Africa,17935,568,Africa,2021,8,Aug 2021
2021-08-22,South Africa,17400,687,Africa,2021,8,Aug 2021
2021-08-29,South Africa,17850,612,Africa,2021,8,Aug 2021
2021-09-05,South Africa,15060,416,Africa,2021,9,Sep 2021
2021-09-12,South Africa,17241,522,Africa,2021,9,Sep 2021
2021-09-19,South Africa,17842,666,Africa,2021,9,Sep 2021
2021-09-26,South Africa,19116,585,Africa,2021,9,Sep 2021
2021-10-03,South Africa,16303,573,Africa,2021,10,Oct 2021
2021-10-10,South Africa,15674,536,Africa,2021,10,Oct 2021
2021-10-17,South Africa,15785,479,Africa,2021,10,Oct 2021
2021-10-24,South Africa,17306,777,Africa,2021,10,Oct 2021
2021-10-31,South Africa,16189,606,Africa,2021,10,Oct 2021
2021-11-07,South Africa,14687,320,Africa,2021,11,Nov 2021
2021-11-14,South Africa,15627,547,Africa,2021,11,Nov 2021
2021-11-21,South Africa,14642,439,Africa,2021,11,Nov 2021
2021-11-28,South Africa,15306,595,Africa,2021,11,Nov 2021
2021-12-05,South Africa,12642,359,Africa,2021,12,Dec 2021
2021-12-12,South Africa,12617,418,Africa,2021,12,Dec 2021
2021-12-19,South Africa,12006,452,Africa,2021,12,Dec 2021
2021-12-26,South Africa,10072,418,Africa,2021,12,Dec 2021
2022-01-02,South Africa,11808,295,Africa,2022,1,Jan 2022
2022-01-09,South Africa,11205,351,Africa,2022,1,Jan 2022
2022-01-16,South Africa,10311,308,Africa,2022,1,Jan 2022
2022-01-23,South Africa,9438,263,Africa,2022,1,Jan 2022
2022-01-30,South Africa,7345,405,Africa,2022,1,Jan 2022
2022-02-06,South Africa,8085,310,Africa,2022,2,Feb 2022
2022-02-13,South Africa,7643,148,Africa,2022,2,Feb 2022
2022-02-20,South Africa,6513,302,Africa,2022,2,Feb 2022
2022-02-27,South Africa,6827,419,Africa,2022,2,Feb 2022
2022-03-06,South Africa,7058,331,Africa,2022,3,Mar 2022
2022-03-13,South Africa,8499,154,Africa,2022,3,Mar 2022
2022-03-20,South Africa,5806,154,Africa,2022,3,Mar 2022
2022-03-27,South Africa,5467,297,Africa,2022,3,Mar 2022
2022-04-03,South Africa,4609,94,Africa,2022,4,Apr 2022
2022-04-10,South Africa,1808,100,Africa,2022,4,Apr 2022
2022-04-17,South Africa,3886,200,Africa,2022,4,Apr 2022
2022-04-24,South Africa,3640,41,Africa,2022,4,Apr 2022
2022-05-01,South Africa,6428,213,Africa,2022,5,May 2022
2022-05-08,South Africa,2662,0,Africa,2022,5,May 2022
2022-05-15,South Africa,3013,11,Africa,2022,5,May 2022
2022-05-22,South Africa,2306,56,Africa,2022,5,May 2022
2022-05-29,South Africa,584,0,Africa,2022,5,May 2022
2022-06-05,South Africa,3361,258,Africa,2022,6,Jun 2022
2022-06-12,South Africa,2644,0,Africa,2022,6,Jun 2022
2022-06-19,South Africa,2505,46,Africa,2022,6,Jun 2022
2022-06-26,South Africa,121,15,Africa,2022,6,Jun 2022
2022-07-03,South Africa,2971,228,Africa,2022,7,Jul 2022
2022-07-10,South Africa,0,0,Africa,2022,7,Jul 2022
2022-07-17,South Africa,1644,158,Africa,2022,7,Jul 2022
2022-07-24,South Africa,3616,123,Africa,2022,7,Jul 2022
2022-07-31,South Africa,0,0,Africa,2022,7,Jul 2022
2022-08-07,South Africa,0,40,Africa,2022,8,Aug 2022
2022-08-14,South Africa,629,38,Africa,2022,8,Aug 2022
2022-08-21,South Africa,0,0,Africa,2022,8,Aug 2022
2022-08-28,South Africa,0,6,Africa,2022,8,Aug 2022
2022-09-04,South Africa,405,0,Africa,2022,9,Sep 2022
2022-09-11,South Africa,0,10,Africa,2022,9,Sep 2022
2022-09-18,South Africa,845,87,Africa,2022,9,Sep 2022
2022-09-25,South Africa,0,140,Africa,2022,9,Sep 2022
2022-10-02,South Africa,2179,0,Africa,2022,10,Oct 2022
2022-10-09,South Africa,0,188,Africa,2022,10,Oct 2022
2022-10-16,South Africa,0,0,Africa,2022,10,Oct 2022
2022-10-23,South Africa,1154,25,Africa,2022,10,Oct 2022
2022-10-30,South Africa,0,52,Africa,2022,10,Oct 2022
2022-11-06,South Africa,363,37,Africa,2022,11,Nov 2022
2022-11-13,South Africa,1755,4,Africa,2022,11,Nov 2022
2022-11-20,South Africa,0,0,Africa,2022,11,Nov 2022
2022-11-27,South Africa,278,0,Africa,2022,11,Nov 2022
2022-12-04,South Africa,369,0,Africa,2022,12,Dec 2022
2022-12-11,South Africa,1042,110,Africa,2022,12,Dec 2022
2022-12-18,South Africa,0,31,Africa,2022,12,Dec 2022
2022-12-25,South Africa,0,0,Africa,2022,12,Dec 2022
2020-03-01,Egypt,684,28,Africa,2020,3,Mar 2020
2020-03-08,Egypt,677,45,Africa,2020,3,Mar 2020
2020-03-15,Egypt,753,46,Africa,2020,3,Mar 2020
2020-03-22,Egypt,778,36,Africa,2020,3,Mar 2020
2020-03-29,Egypt,709,36,Africa,2020,3,Mar 2020
2020-04-05,Egypt,769,35,Africa,2020,4,Apr 2020
2020-04-12,Egypt,908,52,Africa,2020,4,Apr 2020
2020-04-19,Egypt,939,62,Africa,2020,4,Apr 2020
2020-04-26,Egypt,932,45,Africa,2020,4,Apr 2020
2020-05-03,Egypt,984,61,Africa,2020,5,May 2020
2020-05-10,Egypt,1111,59,Africa,2020,5,May 2020
2020-05-17,Egypt,1011,51,Africa,2020,5,May 2020
2020-05-24,Egypt,1136,64,Africa,2020,5,May 2020
2020-05-31,Egypt,1119,55,Africa,2020,5,May 2020
2020-06-07,Egypt,1156,62,Africa,2020,6,Jun 2020
2020-06-14,Egypt,1291,64,Africa,2020,6,Jun 2020
2020-06-21,Egypt,1306,92,Africa,2020,6,Jun 2020
2020-06-28,Egypt,1339,77,Africa,2020,6,Jun 2020
2020-07-05,Egypt,1408,75,Africa,2020,7,Jul 2020
2020-07-12,Egypt,1341,79,Africa,2020,7,Jul 2020
2020-07-19,Egypt,1419,81,Africa,2020,7,Jul 2020
2020-07-26,Egypt,1371,77,Africa,2020,7,Jul 2020
2020-08-02,Egypt,1442,88,Africa,2020,8,Aug 2020
2020-08-09,Egypt,1429,89,Africa,2020,8,Aug 2020
2020-08-16,Egypt,1465,80,Africa,2020,8,Aug 2020
2020-08-23,Egypt,1518,83,Africa,2020,8,Aug 2020
2020-08-30,Egypt,1425,80,Africa,2020,8,Aug 2020
2020-09-06,Egypt,1654,75,Africa,2020,9,Sep 2020
2020-09-13,Egypt,1430,69,Africa,2020,9,Sep 2020
2020-09-20,Egypt,1419,94,Africa,2020,9,Sep 2020
2020-09-27,Egypt,1600,107,Africa,2020,9,Sep 2020
2020-10-04,Egypt,1572,89,Africa,2020,10,Oct 2020
2020-10-11,Egypt,1556,95,Africa,2020,10,Oct 2020
2020-10-18,Egypt,1551,92,Africa,2020,10,Oct 2020
2020-10-25,Egypt,1495,113,Africa,2020,10,Oct 2020
2020-11-01,Egypt,1418,91,Africa,2020,11,Nov 2020
2020-11-08,Egypt,1478,84,Africa,2020,11,Nov 2020
2020-11-15,Egypt,1407,73,Africa,2020,11,Nov 2020
2020-11-22,Egypt,1514,73,Africa,2020,11,Nov 2020
2020-11-29,Egypt,1412,83,Africa,2020,11,Nov 2020
2020-12-06,Egypt,1341,71,Africa,2020,12,Dec 2020
2020-12-13,Egypt,1358,66,Africa,2020,12,Dec 2020
2020-12-20,Egypt,1391,75,Africa,2020,12,Dec 2020
2020-12-27,Egypt,1294,65,Africa,2020,12,Dec 2020
2021-01-03,Egypt,1251,87,Africa,2021,1,Jan 2021
2021-01-10,Egypt,1307,83,Africa,2021,1,Jan 2021
2021-01-17,Egypt,1283,74,Africa,2021,1,Jan 2021
2021-01-24,Egypt,1203,82,Africa,2021,1,Jan 2021
2021-01-31,Egypt,1182,69,Africa,2021,1,Jan 2021
2021-02-07,Egypt,1211,62,Africa,2021,2,Feb 2021
2021-02-14,Egypt,1063,74,Africa,2021,2,Feb 2021
2021-02-21,Egypt,1044,65,Africa,2021,2,Feb 2021
2021-02-28,Egypt,1076,53,Africa,2021,2,Feb 2021
2021-03-07,Egypt,1095,61,Africa,2021,3,Mar 2021
2021-03-14,Egypt,1117,57,Africa,2021,3,Mar 2021
2021-03-21,Egypt,1188,56,Africa,2021,3,Mar 2021
2021-03-28,Egypt,1127,73,Africa,2021,3,Mar 2021
2021-04-04,Egypt,1038,76,Africa,2021,4,Apr 2021
2021-04-11,Egypt,1038,48,Africa,2021,4,Apr 2021
2021-04-18,Egypt,955,60,Africa,2021,4,Apr 2021
2021-04-25,Egypt,1021,53,Africa,2021,4,Apr 2021
2021-05-02,Egypt,995,53,Africa,2021,5,May 2021
2021-05-09,Egypt,1036,54,Africa,2021,5,May 2021
2021-05-16,Egypt,947,47,Africa,2021,5,May 2021
2021-05-23,Egypt,1047,61,Africa,2021,5,May 2021
2021-05-30,Egypt,1123,57,Africa,2021,5,May 2021
2021-06-06,Egypt,1000,60,Africa,2021,6,Jun 2021
2021-06-13,Egypt,1040,59,Africa,2021,6,Jun 2021
2021-06-20,Egypt,1064,59,Africa,2021,6,Jun 2021
2021-06-27,Egypt,985,49,Africa,2021,6,Jun 2021
2021-07-04,Egypt,1035,55,Africa,2021,7,Jul 2021
2021-07-11,Egypt,1022,65,Africa,2021,7,Jul 2021
2021-07-18,Egypt,1031,64,Africa,2021,7,Jul 2021
2021-07-25,Egypt,968,47,Africa,2021,7,Jul 2021
2021-08-01,Egypt,1030,60,Africa,2021,8,Aug 2021
2021-08-08,Egypt,1066,68,Africa,2021,8,Aug 2021
2021-08-15,Egypt,1137,51,Africa,2021,8,Aug 2021
2021-08-22,Egypt,1098,68,Africa,2021,8,Aug 2021
2021-08-29,Egypt,1184,62,Africa,2021,8,Aug 2021
2021-09-05,Egypt,960,60,Africa,2021,9,Sep 2021
2021-09-12,Egypt,1076,55,Africa,2021,9,Sep 2021
2021-09-19,Egypt,1016,43,Africa,2021,9,Sep 2021
2021-09-26,Egypt,1156,52,Africa,2021,9,Sep 2021
2021-10-03,Egypt,918,53,Africa,2021,10,Oct 2021
2021-10-10,Egypt,901,54,Africa,2021,10,Oct 2021
2021-10-17,Egypt,903,44,Africa,2021,10,Oct 2021
2021-10-24,Egypt,770,50,Africa,2021,10,Oct 2021
2021-10-31,Egypt,869,35,Africa,2021,10,Oct 2021
2021-11-07,Egypt,830,47,Africa,2021,11,Nov 2021
2021-11-14,Egypt,874,40,Africa,2021,11,Nov 2021
2021-11-21,Egypt,863,44,Africa,2021,11,Nov 2021
2021-11-28,Egypt,951,55,Africa,2021,11,Nov 2021
2021-12-05,Egypt,853,41,Africa,2021,12,Dec 2021
2021-12-12,Egypt,709,37,Africa,2021,12,Dec 2021
2021-12-19,Egypt,654,46,Africa,2021,12,Dec 2021
2021-12-26,Egypt,727,37,Africa,2021,12,Dec 2021
2022-01-02,Egypt,560,39,Africa,2022,1,Jan 2022
2022-01-09,Egypt,764,34,Africa,2022,1,Jan 2022
2022-01-16,Egypt,682,44,Africa,2022,1,Jan 2022
2022-01-23,Egypt,526,43,Africa,2022,1,Jan 2022
2022-01-30,Egypt,401,1,Africa,2022,1,Jan 2022
2022-02-06,Egypt,599,27,Africa,2022,2,Feb 2022
2022-02-13,Egypt,458,31,Africa,2022,2,Feb 2022
2022-02-20,Egypt,528,28,Africa,2022,2,Feb 2022
2022-02-27,Egypt,286,19,Africa,2022,2,Feb 2022
2022-03-06,Egypt,331,13,Africa,2022,3,Mar 2022
2022-03-13,Egypt,349,20,Africa,2022,3,Mar 2022
2022-03-20,Egypt,325,17,Africa,2022,3,Mar 2022
2022-03-27,Egypt,262,25,Africa,2022,3,Mar 2022
2022-04-03,Egypt,318,20,Africa,2022,4,Apr 2022
2022-04-10,Egypt,168,12,Africa,2022,4,Apr 2022
2022-04-17,Egypt,215,8,Africa,2022,4,Apr 2022
2022-04-24,Egypt,214,8,Africa,2022,4,Apr 2022
2022-05-01,Egypt,224,9,Africa,2022,5,May 2022
2022-05-08,Egypt,221,16,Africa,2022,5,May 2022
2022-05-15,Egypt,66,0,Africa,2022,5,May 2022
2022-05-22,Egypt,20,3,Africa,2022,5,May 2022
2022-05-29,Egypt,217,30,Africa,2022,5,May 2022
2022-06-05,Egypt,133,15,Africa,2022,6,Jun 2022
2022-06-12,Egypt,40,0,Africa,2022,6,Jun 2022
2022-06-19,Egypt,201,22,Africa,2022,6,Jun 2022
2022-06-26,Egypt,83,1,Africa,2022,6,Jun 2022
2022-07-03,Egypt,154,0,Africa,2022,7,Jul 2022
2022-07-10,Egypt,63,0,Africa,2022,7,Jul 2022
2022-07-17,Egypt,205,0,Africa,2022,7,Jul 2022
2022-07-24,Egypt,176,7,Africa,2022,7,Jul 2022
2022-07-31,Egypt,19,1,Africa,2022,7,Jul 2022
2022-08-07,Egypt,106,20,Africa,2022,8,Aug 2022
2022-08-14,Egypt,77,7,Africa,2022,8,Aug 2022
2022-08-21,Egypt,127,5,Africa,2022,8,Aug 2022
2022-08-28,Egypt,0,7,Africa,2022,8,Aug 2022
2022-09-04,Egypt,69,0,Africa,2022,9,Sep 2022
2022-09-11,Egypt,94,7,Africa,2022,9,Sep 2022
2022-09-18,Egypt,0,6,Africa,2022,9,Sep 2022
2022-09-25,Egypt,0,0,Africa,2022,9,Sep 2022
2022-10-02,Egypt,0,9,Africa,2022,10,Oct 2022
2022-10-09,Egypt,0,2,Africa,2022,10,Oct 2022
2022-10-16,Egypt,60,0,Africa,2022,10,Oct 2022
2022-10-23,Egypt,118,12,Africa,2022,10,Oct 2022
2022-10-30,Egypt,10,20,Africa,2022,10,Oct 2022
2022-11-06,Egypt,126,8,Africa,2022,11,Nov 2022
2022-11-13,Egypt,0,2,Africa,2022,11,Nov 2022
2022-11-20,Egypt,0,0,Africa,2022,11,Nov 2022
2022-11-27,Egypt,0,0,Africa,2022,11,Nov 2022
2022-12-04,Egypt,30,8,Africa,2022,12,Dec 2022
2022-12-11,Egypt,0,0,Africa,2022,12,Dec 2022
2022-12-18,Egypt,0,0,Africa,2022,12,Dec 2022
2022-12-25,Egypt,0,0,Africa,2022,12,Dec 2022
2020-03-01,Morocco,3480,36,Africa,2020,3,Mar 2020
2020-03-08,Morocco,3622,46,Africa,2020,3,Mar 2020
2020-03-15,Morocco,4108,64,Africa,2020,3,Mar 2020
2020-03-22,Morocco,3698,66,Africa,2020,3,Mar 2020
2020-03-29,Morocco,4007,79,Africa,2020,3,Mar 2020
2020-04-05,Morocco,3938,60,Africa,2020,4,Apr 2020
2020-04-12,Morocco,4369,81,Africa,2020,4,Apr 2020
2020-04-19,Morocco,4916,77,Africa,2020,4,Apr 2020
2020-04-26,Morocco,5287,86,Africa,2020,4,Apr 2020
2020-05-03,Morocco,4833,66,Africa,2020,5,May 2020
2020-05-10,Morocco,5767,90,Africa,2020,5,May 2020
2020-05-17,Morocco,6176,91,Africa,2020,5,May 2020
2020-05-24,Morocco,6010,94,Africa,2020,5,May 2020
2020-05-31,Morocco,6802,137,Africa,2020,5,May 2020
2020-06-07,Morocco,5943,93,Africa,2020,6,Jun 2020
2020-06-14,Morocco,5950,145,Africa,2020,6,Jun 2020
2020-06-21,Morocco,5925,113,Africa,2020,6,Jun 2020
2020-06-28,Morocco,7415,136,Africa,2020,6,Jun 2020
2020-07-05,Morocco,7249,118,Africa,2020,7,Jul 2020
2020-07-12,Morocco,7125,138,Africa,2020,7,Jul 2020
2020-07-19,Morocco,7410,125,Africa,2020,7,Jul 2020
2020-07-26,Morocco,6986,127,Africa,2020,7,Jul 2020
2020-08-02,Morocco,8540,190,Africa,2020,8,Aug 2020
2020-08-09,Morocco,7727,137,Africa,2020,8,Aug 2020
2020-08-16,Morocco,7819,157,Africa,2020,8,Aug 2020
2020-08-23,Morocco,8151,136,Africa,2020,8,Aug 2020
2020-08-30,Morocco,8124,145,Africa,2020,8,Aug 2020
2020-09-06,Morocco,8078,170,Africa,2020,9,Sep 2020
2020-09-13,Morocco,7715,129,Africa,2020,9,Sep 2020
2020-09-20,Morocco,8247,174,Africa,2020,9,Sep 2020
2020-09-27,Morocco,8824,169,Africa,2020,9,Sep 2020
2020-10-04,Morocco,8607,146,Africa,2020,10,Oct 2020
2020-10-11,Morocco,8690,165,Africa,2020,10,Oct 2020
2020-10-18,Morocco,7819,154,Africa,2020,10,Oct 2020
2020-10-25,Morocco,7584,145,Africa,2020,10,Oct 2020
2020-11-01,Morocco,7874,119,Africa,2020,11,Nov 2020
2020-11-08,Morocco,7879,131,Africa,2020,11,Nov 2020
2020-11-15,Morocco,8216,144,Africa,2020,11,Nov 2020
2020-11-22,Morocco,7012,125,Africa,2020,11,Nov 2020
2020-11-29,Morocco,8203,156,Africa,2020,11,Nov 2020
2020-12-06,Morocco,7422,136,Africa,2020,12,Dec 2020
2020-12-13,Morocco,7202,110,Africa,2020,12,Dec 2020
2020-12-20,Morocco,6849,128,Africa,2020,12,Dec 2020
2020-12-27,Morocco,6469,125,Africa,2020,12,Dec 2020
2021-01-03,Morocco,7334,140,Africa,2021,1,Jan 2021
2021-01-10,Morocco,6906,139,Africa,2021,1,Jan 2021
2021-01-17,Morocco,6231,124,Africa,2021,1,Jan 2021
2021-01-24,Morocco,6101,116,Africa,2021,1,Jan 2021
2021-01-31,Morocco,6358,113,Africa,2021,1,Jan 2021
2021-02-07,Morocco,7037,102,Africa,2021,2,Feb 2021
2021-02-14,Morocco,6146,116,Africa,2021,2,Feb 2021
2021-02-21,Morocco,5534,102,Africa,2021,2,Feb 2021
2021-02-28,Morocco,5929,110,Africa,2021,2,Feb 2021
2021-03-07,Morocco,5817,86,Africa,2021,3,Mar 2021
2021-03-14,Morocco,4754,70,Africa,2021,3,Mar 2021
2021-03-21,Morocco,5725,118,Africa,2021,3,Mar 2021
2021-03-28,Morocco,5578,99,Africa,2021,3,Mar 2021
2021-04-04,Morocco,5881,115,Africa,2021,4,Apr 2021
2021-04-11,Morocco,6284,113,Africa,2021,4,Apr 2021
2021-04-18,Morocco,5945,107,Africa,2021,4,Apr 2021
2021-04-25,Morocco,5347,109,Africa,2021,4,Apr 2021
2021-05-02,Morocco,4981,82,Africa,2021,5,May 2021
2021-05-09,Morocco,6430,117,Africa,2021,5,May 2021
2021-05-16,Morocco,5409,90,Africa,2021,5,May 2021
2021-05-23,Morocco,5384,90,Africa,2021,5,May 2021
2021-05-30,Morocco,5367,92,Africa,2021,5,May 2021
2021-06-06,Morocco,5461,101,Africa,2021,6,Jun 2021
2021-06-13,Morocco,5333,89,Africa,2021,6,Jun 2021
2021-06-20,Morocco,5173,111,Africa,2021,6,Jun 2021
2021-06-27,Morocco,5199,80,Africa,2021,6,Jun 2021
2021-07-04,Morocco,5420,94,Africa,2021,7,Jul 2021
2021-07-11,Morocco,5232,87,Africa,2021,7,Jul 2021
2021-07-18,Morocco,5178,114,Africa,2021,7,Jul 2021
2021-07-25,Morocco,5518,102,Africa,2021,7,Jul 2021
2021-08-01,Morocco,5381,111,Africa,2021,8,Aug 2021
2021-08-08,Morocco,6088,88,Africa,2021,8,Aug 2021
2021-08-15,Morocco,4423,83,Africa,2021,8,Aug 2021
2021-08-22,Morocco,5910,119,Africa,2021,8,Aug 2021
2021-08-29,Morocco,5954,108,Africa,2021,8,Aug 2021
2021-09-05,Morocco,4599,98,Africa,2021,9,Sep 2021
2021-09-12,Morocco,5256,87,Africa,2021,9,Sep 2021
2021-09-19,Morocco,5198,113,Africa,2021,9,Sep 2021
2021-09-26,Morocco,4727,118,Africa,2021,9,Sep 2021
2021-10-03,Morocco,4912,83,Africa,2021,10,Oct 2021
2021-10-10,Morocco,4701,78,Africa,2021,10,Oct 2021
2021-10-17,Morocco,5758,124,Africa,2021,10,Oct 2021
2021-10-24,Morocco,5333,118,Africa,2021,10,Oct 2021
2021-10-31,Morocco,5358,88,Africa,2021,10,Oct 2021
2021-11-07,Morocco,5019,84,Africa,2021,11,Nov 2021
2021-11-14,Morocco,4151,70,Africa,2021,11,Nov 2021
2021-11-21,Morocco,4256,57,Africa,2021,11,Nov 2021
2021-11-28,Morocco,4517,68,Africa,2021,11,Nov 2021
2021-12-05,Morocco,3682,51,Africa,2021,12,Dec 2021
2021-12-12,Morocco,4298,66,Africa,2021,12,Dec 2021
2021-12-19,Morocco,3754,67,Africa,2021,12,Dec 2021
2021-12-26,Morocco,3534,66,Africa,2021,12,Dec 2021
2022-01-02,Morocco,3799,90,Africa,2022,1,Jan 2022
2022-01-09,Morocco,3521,49,Africa,2022,1,Jan 2022
2022-01-16,Morocco,3026,68,Africa,2022,1,Jan 2022
2022-01-23,Morocco,3461,59,Africa,2022,1,Jan 2022
2022-01-30,Morocco,2393,42,Africa,2022,1,Jan 2022
2022-02-06,Morocco,2902,61,Africa,2022,2,Feb 2022
2022-02-13,Morocco,2726,32,Africa,2022,2,Feb 2022
2022-02-20,Morocco,2201,45,Africa,2022,2,Feb 2022
2022-02-27,Morocco,2295,43,Africa,2022,2,Feb 2022
2022-03-06,Morocco,1509,34,Africa,2022,3,Mar 2022
2022-03-13,Morocco,2230,44,Africa,2022,3,Mar 2022
2022-03-20,Morocco,1642,64,Africa,2022,3,Mar 2022
2022-03-27,Morocco,1370,15,Africa,2022,3,Mar 2022
2022-04-03,Morocco,1867,25,Africa,2022,4,Apr 2022
2022-04-10,Morocco,1042,9,Africa,2022,4,Apr 2022
2022-04-17,Morocco,643,3,Africa,2022,4,Apr 2022
2022-04-24,Morocco,473,0,Africa,2022,4,Apr 2022
2022-05-01,Morocco,1235,39,Africa,2022,5,May 2022
2022-05-08,Morocco,384,27,Africa,2022,5,May 2022
2022-05-15,Morocco,1508,18,Africa,2022,5,May 2022
2022-05-22,Morocco,0,0,Africa,2022,5,May 2022
2022-05-29,Morocco,1325,30,Africa,2022,5,May 2022
2022-06-05,Morocco,661,3,Africa,2022,6,Jun 2022
2022-06-12,Morocco,474,17,Africa,2022,6,Jun 2022
2022-06-19,Morocco,236,7,Africa,2022,6,Jun 2022
2022-06-26,Morocco,560,0,Africa,2022,6,Jun 2022
2022-07-03,Morocco,338,28,Africa,2022,7,Jul 2022
2022-07-10,Morocco,751,39,Africa,2022,7,Jul 2022
2022-07-17,Morocco,316,0,Africa,2022,7,Jul 2022
2022-07-24,Morocco,296,0,Africa,2022,7,Jul 2022
2022-07-31,Morocco,60,5,Africa,2022,7,Jul 2022
2022-08-07,Morocco,155,7,Africa,2022,8,Aug 2022
2022-08-14,Morocco,277,14,Africa,2022,8,Aug 2022
2022-08-21,Morocco,0,28,Africa,2022,8,Aug 2022
2022-08-28,Morocco,0,0,Africa,2022,8,Aug 2022
2022-09-04,Morocco,394,0,Africa,2022,9,Sep 2022
2022-09-11,Morocco,151,0,Africa,2022,9,Sep 2022
2022-09-18,Morocco,0,0,Africa,2022,9,Sep 2022
2022-09-25,Morocco,67,0,Africa,2022,9,Sep 2022
2022-10-02,Morocco,189,29,Africa,2022,10,Oct 2022
2022-10-09,Morocco,0,0,Africa,2022,10,Oct 2022
2022-10-16,Morocco,0,3,Africa,2022,10,Oct 2022
2022-10-23,Morocco,108,1,Africa,2022,10,Oct 2022
2022-10-30,Morocco,0,17,Africa,2022,10,Oct 2022
2022-11-06,Morocco,184,39,Africa,2022,11,Nov 2022
2022-11-13,Morocco,0,0,Africa,2022,11,Nov 2022
2022-11-20,Morocco,425,0,Africa,2022,11,Nov 2022
2022-11-27,Morocco,200,18,Africa,2022,11,Nov 2022
2022-12-04,Morocco,112,11,Africa,2022,12,Dec 2022
2022-12-11,Morocco,400,33,Africa,2022,12,Dec 2022
2022-12-18,Morocco,672,20,Africa,2022,12,Dec 2022
2022-12-25,Morocco,410,2,Africa,2022,12,Dec 2022
2020-03-01,Ethiopia,1321,20,Africa,2020,3,Mar 2020
2020-03-08,Ethiopia,1474,21,Africa,2020,3,Mar 2020
2020-03-15,Ethiopia,1508,33,Africa,2020,3,Mar 2020
2020-03-22,Ethiopia,1539,38,Africa,2020,3,Mar 2020
2020-03-29,Ethiopia,1703,46,Africa,2020,3,Mar 2020
2020-04-05,Ethiopia,1799,34,Africa,2020,4,Apr 2020
2020-04-12,Ethiopia,1912,46,Africa,2020,4,Apr 2020
2020-04-19,Ethiopia,1884,39,Africa,2020,4,Apr 2020
2020-04-26,Ethiopia,1844,37,Africa,2020,4,Apr 2020
2020-05-03,Ethiopia,1972,46,Africa,2020,5,May 2020
2020-05-10,Ethiopia,2213,50,Africa,2020,5,May 2020
2020-05-17,Ethiopia,1990,31,Africa,2020,5,May 2020
2020-05-24,Ethiopia,2247,56,Africa,2020,5,May 2020
2020-05-31,Ethiopia,2210,55,Africa,2020,5,May 2020
2020-06-07,Ethiopia,2349,45,Africa,2020,6,Jun 2020
2020-06-14,Ethiopia,2610,57,Africa,2020,6,Jun 2020
2020-06-21,Ethiopia,2517,55,Africa,2020,6,Jun 2020
2020-06-28,Ethiopia,2563,55,Africa,2020,6,Jun 2020
2020-07-05,Ethiopia,2416,47,Africa,2020,7,Jul 2020
2020-07-12,Ethiopia,2792,54,Africa,2020,7,Jul 2020
2020-07-19,Ethiopia,2833,59,Africa,2020,7,Jul 2020
2020-07-26,Ethiopia,3113,72,Africa,2020,7,Jul 2020
2020-08-02,Ethiopia,2789,61,Africa,2020,8,Aug 2020
2020-08-09,Ethiopia,2911,58,Africa,2020,8,Aug 2020
2020-08-16,Ethiopia,2953,66,Africa,2020,8,Aug 2020
2020-08-23,Ethiopia,3184,48,Africa,2020,8,Aug 2020
2020-08-30,Ethiopia,2960,69,Africa,2020,8,Aug 2020
2020-09-06,Ethiopia,3037,52,Africa,2020,9,Sep 2020
2020-09-13,Ethiopia,3102,62,Africa,2020,9,Sep 2020
2020-09-20,Ethiopia,3050,56,Africa,2020,9,Sep 2020
2020-09-27,Ethiopia,2959,53,Africa,2020,9,Sep 2020
2020-10-04,Ethiopia,3055,71,Africa,2020,10,Oct 2020
2020-10-11,Ethiopia,3181,63,Africa,2020,10,Oct 2020
2020-10-18,Ethiopia,2854,62,Africa,2020,10,Oct 2020
2020-10-25,Ethiopia,3012,62,Africa,2020,10,Oct 2020
2020-11-01,Ethiopia,2866,63,Africa,2020,11,Nov 2020
2020-11-08,Ethiopia,3125,66,Africa,2020,11,Nov 2020
2020-11-15,Ethiopia,2688,48,Africa,2020,11,Nov 2020
2020-11-22,Ethiopia,2799,65,Africa,2020,11,Nov 2020
2020-11-29,Ethiopia,2903,57,Africa,2020,11,Nov 2020
2020-12-06,Ethiopia,3041,54,Africa,2020,12,Dec 2020
2020-12-13,Ethiopia,2754,55,Africa,2020,12,Dec 2020
2020-12-20,Ethiopia,2637,64,Africa,2020,12,Dec 2020
2020-12-27,Ethiopia,2956,67,Africa,2020,12,Dec 2020
2021-01-03,Ethiopia,2409,48,Africa,2021,1,Jan 2021
2021-01-10,Ethiopia,2248,45,Africa,2021,1,Jan 2021
2021-01-17,Ethiopia,2596,52,Africa,2021,1,Jan 2021
2021-01-24,Ethiopia,2407,63,Africa,2021,1,Jan 2021
2021-01-31,Ethiopia,2281,50,Africa,2021,1,Jan 2021
2021-02-07,Ethiopia,2494,55,Africa,2021,2,Feb 2021
2021-02-14,Ethiopia,2380,56,Africa,2021,2,Feb 2021
2021-02-21,Ethiopia,2216,48,Africa,2021,2,Feb 2021
2021-02-28,Ethiopia,2068,41,Africa,2021,2,Feb 2021
2021-03-07,Ethiopia,2353,48,Africa,2021,3,Mar 2021
2021-03-14,Ethiopia,2284,47,Africa,2021,3,Mar 2021
2021-03-21,Ethiopia,2140,44,Africa,2021,3,Mar 2021
2021-03-28,Ethiopia,2403,55,Africa,2021,3,Mar 2021
2021-04-04,Ethiopia,1940,41,Africa,2021,4,Apr 2021
2021-04-11,Ethiopia,1850,43,Africa,2021,4,Apr 2021
2021-04-18,Ethiopia,1956,40,Africa,2021,4,Apr 2021
2021-04-25,Ethiopia,2038,43,Africa,2021,4,Apr 2021
2021-05-02,Ethiopia,2070,30,Africa,2021,5,May 2021
2021-05-09,Ethiopia,1989,47,Africa,2021,5,May 2021
2021-05-16,Ethiopia,2072,45,Africa,2021,5,May 2021
2021-05-23,Ethiopia,1829,44,Africa,2021,5,May 2021
2021-05-30,Ethiopia,2233,28,Africa,2021,5,May 2021
2021-06-06,Ethiopia,2005,55,Africa,2021,6,Jun 2021
2021-06-13,Ethiopia,2189,45,Africa,2021,6,Jun 2021
2021-06-20,Ethiopia,2077,50,Africa,2021,6,Jun 2021
2021-06-27,Ethiopia,2100,37,Africa,2021,6,Jun 2021
2021-07-04,Ethiopia,2123,48,Africa,2021,7,Jul 2021
2021-07-11,Ethiopia,2110,37,Africa,2021,7,Jul 2021
2021-07-18,Ethiopia,2145,41,Africa,2021,7,Jul 2021
2021-07-25,Ethiopia,2252,59,Africa,2021,7,Jul 2021
2021-08-01,Ethiopia,2085,42,Africa,2021,8,Aug 2021
2021-08-08,Ethiopia,2163,46,Africa,2021,8,Aug 2021
2021-08-15,Ethiopia,2042,48,Africa,2021,8,Aug 2021
2021-08-22,Ethiopia,2268,50,Africa,2021,8,Aug 2021
2021-08-29,Ethiopia,1944,41,Africa,2021,8,Aug 2021
2021-09-05,Ethiopia,2306,50,Africa,2021,9,Sep 2021
2021-09-12,Ethiopia,2016,57,Africa,2021,9,Sep 2021
2021-09-19,Ethiopia,1790,37,Africa,2021,9,Sep 2021
2021-09-26,Ethiopia,2003,43,Africa,2021,9,Sep 2021
2021-10-03,Ethiopia,1856,45,Africa,2021,10,Oct 2021
2021-10-10,Ethiopia,2055,50,Africa,2021,10,Oct 2021
2021-10-17,Ethiopia,1798,45,Africa,2021,10,Oct 2021
2021-10-24,Ethiopia,1792,41,Africa,2021,10,Oct 2021
2021-10-31,Ethiopia,1535,25,Africa,2021,10,Oct 2021
2021-11-07,Ethiopia,1706,46,Africa,2021,11,Nov 2021
2021-11-14,Ethiopia,1362,21,Africa,2021,11,Nov 2021
2021-11-21,Ethiopia,1437,32,Africa,2021,11,Nov 2021
2021-11-28,Ethiopia,1734,31,Africa,2021,11,Nov 2021
2021-12-05,Ethiopia,1681,34,Africa,2021,12,Dec 2021
2021-12-12,Ethiopia,1568,34,Africa,2021,12,Dec 2021
2021-12-19,Ethiopia,1299,29,Africa,2021,12,Dec 2021
2021-12-26,Ethiopia,1374,31,Africa,2021,12,Dec 2021
2022-01-02,Ethiopia,1317,37,Africa,2022,1,Jan 2022
2022-01-09,Ethiopia,1080,25,Africa,2022,1,Jan 2022
2022-01-16,Ethiopia,1414,28,Africa,2022,1,Jan 2022
2022-01-23,Ethiopia,1255,32,Africa,2022,1,Jan 2022
2022-01-30,Ethiopia,1026,29,Africa,2022,1,Jan 2022
2022-02-06,Ethiopia,1000,13,Africa,2022,2,Feb 2022
2022-02-13,Ethiopia,964,24,Africa,2022,2,Feb 2022
2022-02-20,Ethiopia,565,16,Africa,2022,2,Feb 2022
2022-02-27,Ethiopia,774,14,Africa,2022,2,Feb 2022
2022-03-06,Ethiopia,651,22,Africa,2022,3,Mar 2022
2022-03-13,Ethiopia,547,10,Africa,2022,3,Mar 2022
2022-03-20,Ethiopia,601,13,Africa,2022,3,Mar 2022
2022-03-27,Ethiopia,861,16,Africa,2022,3,Mar 2022
2022-04-03,Ethiopia,639,13,Africa,2022,4,Apr 2022
2022-04-10,Ethiopia,410,1,Africa,2022,4,Apr 2022
2022-04-17,Ethiopia,538,2,Africa,2022,4,Apr 2022
2022-04-24,Ethiopia,620,23,Africa,2022,4,Apr 2022
2022-05-01,Ethiopia,510,5,Africa,2022,5,May 2022
2022-05-08,Ethiopia,345,0,Africa,2022,5,May 2022
2022-05-15,Ethiopia,205,0,Africa,2022,5,May 2022
2022-05-22,Ethiopia,376,3,Africa,2022,5,May 2022
2022-05-29,Ethiopia,301,0,Africa,2022,5,May 2022
2022-06-05,Ethiopia,350,17,Africa,2022,6,Jun 2022
2022-06-12,Ethiopia,287,12,Africa,2022,6,Jun 2022
2022-06-19,Ethiopia,327,2,Africa,2022,6,Jun 2022
2022-06-26,Ethiopia,70,15,Africa,2022,6,Jun 2022
2022-07-03,Ethiopia,330,13,Africa,2022,7,Jul 2022
2022-07-10,Ethiopia,145,0,Africa,2022,7,Jul 2022
2022-07-17,Ethiopia,413,0,Africa,2022,7,Jul 2022
2022-07-24,Ethiopia,0,14,Africa,2022,7,Jul 2022
2022-07-31,Ethiopia,337,0,Africa,2022,7,Jul 2022
2022-08-07,Ethiopia,96,0,Africa,2022,8,Aug 2022
2022-08-14,Ethiopia,0,6,Africa,2022,8,Aug 2022
2022-08-21,Ethiopia,0,15,Africa,2022,8,Aug 2022
2022-08-28,Ethiopia,0,8,Africa,2022,8,Aug 2022
2022-09-04,Ethiopia,100,5,Africa,2022,9,Sep 2022
2022-09-11,Ethiopia,109,6,Africa,2022,9,Sep 2022
2022-09-18,Ethiopia,0,5,Africa,2022,9,Sep 2022
2022-09-25,Ethiopia,18,5,Africa,2022,9,Sep 2022
2022-10-02,Ethiopia,340,8,Africa,2022,10,Oct 2022
2022-10-09,Ethiopia,275,6,Africa,2022,10,Oct 2022
2022-10-16,Ethiopia,78,1,Africa,2022,10,Oct 2022
2022-10-23,Ethiopia,16,0,Africa,2022,10,Oct 2022
2022-10-30,Ethiopia,27,0,Africa,2022,10,Oct 2022
2022-11-06,Ethiopia,99,0,Africa,2022,11,Nov 2022
2022-11-13,Ethiopia,0,0,Africa,2022,11,Nov 2022
2022-11-20,Ethiopia,0,0,Africa,2022,11,Nov 2022
2022-11-27,Ethiopia,0,0,Africa,2022,11,Nov 2022
2022-12-04,Ethiopia,63,2,Africa,2022,12,Dec 2022
2022-12-11,Ethiopia,100,10,Africa,2022,12,Dec 2022
2022-12-18,Ethiopia,0,5,Africa,2022,12,Dec 2022
2022-12-25,Ethiopia,238,0,Africa,2022,12,Dec 2022
2020-03-01,Nigeria,904,16,Africa,2020,3,Mar 2020
2020-03-08,Nigeria,1207,30,Africa,2020,3,Mar 2020
2020-03-15,Nigeria,1031,20,Africa,2020,3,Mar 2020
2020-03-22,Nigeria,1191,21,Africa,2020,3,Mar 2020
2020-03-29,Nigeria,1354,22,Africa,2020,3,Mar 2020
2020-04-05,Nigeria,1232,21,Africa,2020,4,Apr 2020
2020-04-12,Nigeria,1434,25,Africa,2020,4,Apr 2020
2020-04-19,Nigeria,1322,25,Africa,2020,4,Apr 2020
2020-04-26,Nigeria,1482,28,Africa,2020,4,Apr 2020
2020-05-03,Nigeria,1665,31,Africa,2020,5,May 2020
2020-05-10,Nigeria,1494,30,Africa,2020,5,May 2020
2020-05-17,Nigeria,1815,40,Africa,2020,5,May 2020
2020-05-24,Nigeria,1824,39,Africa,2020,5,May 2020
2020-05-31,Nigeria,1960,30,Africa,2020,5,May 2020
2020-06-07,Nigeria,1982,25,Africa,2020,6,Jun 2020
2020-06-14,Nigeria,2185,45,Africa,2020,6,Jun 2020
2020-06-21,Nigeria,2089,33,Africa,2020,6,Jun 2020
2020-06-28,Nigeria,2076,38,Africa,2020,6,Jun 2020
2020-07-05,Nigeria,2198,36,Africa,2020,7,Jul 2020
2020-07-12,Nigeria,2301,35,Africa,2020,7,Jul 2020
2020-07-19,Nigeria,2286,46,Africa,2020,7,Jul 2020
2020-07-26,Nigeria,2328,47,Africa,2020,7,Jul 2020
2020-08-02,Nigeria,2275,40,Africa,2020,8,Aug 2020
2020-08-09,Nigeria,2315,31,Africa,2020,8,Aug 2020
2020-08-16,Nigeria,2254,40,Africa,2020,8,Aug 2020
2020-08-23,Nigeria,2675,52,Africa,2020,8,Aug 2020
2020-08-30,Nigeria,2323,37,Africa,2020,8,Aug 2020
2020-09-06,Nigeria,2410,46,Africa,2020,9,Sep 2020
2020-09-13,Nigeria,2420,45,Africa,2020,9,Sep 2020
2020-09-20,Nigeria,2630,52,Africa,2020,9,Sep 2020
2020-09-27,Nigeria,2485,47,Africa,2020,9,Sep 2020
2020-10-04,Nigeria,2677,46,Africa,2020,10,Oct 2020
2020-10-11,Nigeria,2432,51,Africa,2020,10,Oct 2020
2020-10-18,Nigeria,2542,47,Africa,2020,10,Oct 2020
2020-10-25,Nigeria,2389,45,Africa,2020,10,Oct 2020
2020-11-01,Nigeria,2744,47,Africa,2020,11,Nov 2020
2020-11-08,Nigeria,2306,41,Africa,2020,11,Nov 2020
2020-11-15,Nigeria,2469,42,Africa,2020,11,Nov 2020
2020-11-22,Nigeria,2482,46,Africa,2020,11,Nov 2020
2020-11-29,Nigeria,2424,54,Africa,2020,11,Nov 2020
2020-12-06,Nigeria,2316,37,Africa,2020,12,Dec 2020
2020-12-13,Nigeria,2287,35,Africa,2020,12,Dec 2020
2020-12-20,Nigeria,2272,50,Africa,2020,12,Dec 2020
2020-12-27,Nigeria,2210,40,Africa,2020,12,Dec 2020
2021-01-03,Nigeria,2309,40,Africa,2021,1,Jan 2021
2021-01-10,Nigeria,2425,51,Africa,2021,1,Jan 2021
2021-01-17,Nigeria,2039,35,Africa,2021,1,Jan 2021
2021-01-24,Nigeria,1897,44,Africa,2021,1,Jan 2021
2021-01-31,Nigeria,2018,41,Africa,2021,1,Jan 2021
2021-02-07,Nigeria,2313,41,Africa,2021,2,Feb 2021
2021-02-14,Nigeria,1852,45,Africa,2021,2,Feb 2021
2021-02-21,Nigeria,2122,37,Africa,2021,2,Feb 2021
2021-02-28,Nigeria,2093,43,Africa,2021,2,Feb 2021
2021-03-07,Nigeria,1782,35,Africa,2021,3,Mar 2021
2021-03-14,Nigeria,1893,42,Africa,2021,3,Mar 2021
2021-03-21,Nigeria,1999,45,Africa,2021,3,Mar 2021
2021-03-28,Nigeria,1724,32,Africa,2021,3,Mar 2021
2021-04-04,Nigeria,1725,29,Africa,2021,4,Apr 2021
2021-04-11,Nigeria,1659,33,Africa,2021,4,Apr 2021
2021-04-18,Nigeria,1590,26,Africa,2021,4,Apr 2021
2021-04-25,Nigeria,1623,40,Africa,2021,4,Apr 2021
2021-05-02,Nigeria,1541,29,Africa,2021,5,May 2021
2021-05-09,Nigeria,1692,30,Africa,2021,5,May 2021
2021-05-16,Nigeria,1586,31,Africa,2021,5,May 2021
2021-05-23,Nigeria,1710,26,Africa,2021,5,May 2021
2021-05-30,Nigeria,1485,23,Africa,2021,5,May 2021
2021-06-06,Nigeria,1723,38,Africa,2021,6,Jun 2021
2021-06-13,Nigeria,1788,30,Africa,2021,6,Jun 2021
2021-06-20,Nigeria,1439,22,Africa,2021,6,Jun 2021
2021-06-27,Nigeria,1739,35,Africa,2021,6,Jun 2021
2021-07-04,Nigeria,1851,40,Africa,2021,7,Jul 2021
2021-07-11,Nigeria,1551,32,Africa,2021,7,Jul 2021
2021-07-18,Nigeria,1916,41,Africa,2021,7,Jul 2021
2021-07-25,Nigeria,1763,29,Africa,2021,7,Jul 2021
2021-08-01,Nigeria,1625,24,Africa,2021,8,Aug 2021
2021-08-08,Nigeria,1707,39,Africa,2021,8,Aug 2021
2021-08-15,Nigeria,1783,32,Africa,2021,8,Aug 2021
2021-08-22,Nigeria,1720,31,Africa,2021,8,Aug 2021
2021-08-29,Nigeria,1772,39,Africa,2021,8,Aug 2021
2021-09-05,Nigeria,1581,32,Africa,2021,9,Sep 2021
2021-09-12,Nigeria,1706,34,Africa,2021,9,Sep 2021
2021-09-19,Nigeria,1494,38,Africa,2021,9,Sep 2021
2021-09-26,Nigeria,1639,28,Africa,2021,9,Sep 2021
2021-10-03,Nigeria,1519,33,Africa,2021,10,Oct 2021
2021-10-10,Nigeria,1516,29,Africa,2021,10,Oct 2021
2021-10-17,Nigeria,1735,34,Africa,2021,10,Oct 2021
2021-10-24,Nigeria,1686,39,Africa,2021,10,Oct 2021
2021-10-31,Nigeria,1591,32,Africa,2021,10,Oct 2021
2021-11-07,Nigeria,1341,28,Africa,2021,11,Nov 2021
2021-11-14,Nigeria,1398,31,Africa,2021,11,Nov 2021
2021-11-21,Nigeria,1547,27,Africa,2021,11,Nov 2021
2021-11-28,Nigeria,1368,22,Africa,2021,11,Nov 2021
2021-12-05,Nigeria,1593,25,Africa,2021,12,Dec 2021
2021-12-12,Nigeria,1303,15,Africa,2021,12,Dec 2021
2021-12-19,Nigeria,1227,33,Africa,2021,12,Dec 2021
2021-12-26,Nigeria,1112,15,Africa,2021,12,Dec 2021
2022-01-02,Nigeria,1115,20,Africa,2022,1,Jan 2022
2022-01-09,Nigeria,1025,18,Africa,2022,1,Jan 2022
2022-01-16,Nigeria,1079,21,Africa,2022,1,Jan 2022
2022-01-23,Nigeria,1056,23,Africa,2022,1,Jan 2022
2022-01-30,Nigeria,784,18,Africa,2022,1,Jan 2022
2022-02-06,Nigeria,663,9,Africa,2022,2,Feb 2022
2022-02-13,Nigeria,548,9,Africa,2022,2,Feb 2022
2022-02-20,Nigeria,790,16,Africa,2022,2,Feb 2022
2022-02-27,Nigeria,538,9,Africa,2022,2,Feb 2022
2022-03-06,Nigeria,359,14,Africa,2022,3,Mar 2022
2022-03-13,Nigeria,630,14,Africa,2022,3,Mar 2022
2022-03-20,Nigeria,848,19,Africa,2022,3,Mar 2022
2022-03-27,Nigeria,492,12,Africa,2022,3,Mar 2022
2022-04-03,Nigeria,557,16,Africa,2022,4,Apr 2022
2022-04-10,Nigeria,423,8,Africa,2022,4,Apr 2022
2022-04-17,Nigeria,364,0,Africa,2022,4,Apr 2022
2022-04-24,Nigeria,457,10,Africa,2022,4,Apr 2022
2022-05-01,Nigeria,273,2,Africa,2022,5,May 2022
2022-05-08,Nigeria,313,3,Africa,2022,5,May 2022
2022-05-15,Nigeria,292,8,Africa,2022,5,May 2022
2022-05-22,Nigeria,142,8,Africa,2022,5,May 2022
2022-05-29,Nigeria,326,6,Africa,2022,5,May 2022
2022-06-05,Nigeria,158,4,Africa,2022,6,Jun 2022
2022-06-12,Nigeria,65,9,Africa,2022,6,Jun 2022
2022-06-19,Nigeria,209,5,Africa,2022,6,Jun 2022
2022-06-26,Nigeria,13,12,Africa,2022,6,Jun 2022
2022-07-03,Nigeria,113,4,Africa,2022,7,Jul 2022
2022-07-10,Nigeria,95,0,Africa,2022,7,Jul 2022
2022-07-17,Nigeria,220,7,Africa,2022,7,Jul 2022
2022-07-24,Nigeria,133,4,Africa,2022,7,Jul 2022
2022-07-31,Nigeria,61,7,Africa,2022,7,Jul 2022
2022-08-07,Nigeria,157,6,Africa,2022,8,Aug 2022
2022-08-14,Nigeria,221,3,Africa,2022,8,Aug 2022
2022-08-21,Nigeria,111,0,Africa,2022,8,Aug 2022
2022-08-28,Nigeria,36,0,Africa,2022,8,Aug 2022
2022-09-04,Nigeria,0,0,Africa,2022,9,Sep 2022
2022-09-11,Nigeria,0,0,Africa,2022,9,Sep 2022
2022-09-18,Nigeria,0,2,Africa,2022,9,Sep 2022
2022-09-25,Nigeria,0,7,Africa,2022,9,Sep 2022
2022-10-02,Nigeria,0,1,Africa,2022,10,Oct 2022
2022-10-09,Nigeria,20,0,Africa,2022,10,Oct 2022
2022-10-16,Nigeria,77,3,Africa,2022,10,Oct 2022
2022-10-23,Nigeria,0,5,Africa,2022,10,Oct 2022
2022-10-30,Nigeria,68,0,Africa,2022,10,Oct 2022
2022-11-06,Nigeria,14,0,Africa,2022,11,Nov 2022
2022-11-13,Nigeria,0,0,Africa,2022,11,Nov 2022
2022-11-20,Nigeria,0,0,Africa,2022,11,Nov 2022
2022-11-27,Nigeria,0,3,Africa,2022,11,Nov 2022
2022-12-04,Nigeria,0,0,Africa,2022,12,Dec 2022
2022-12-11,Nigeria,77,3,Africa,2022,12,Dec 2022
2022-12-18,Nigeria,193,0,Africa,2022,12,Dec 2022
2022-12-25,Nigeria,153,0,Africa,2022,12,Dec 2022
2020-03-01,Kenya,536,13,Africa,2020,3,Mar 2020
2020-03-08,Kenya,500,15,Africa,2020,3,Mar 2020
2020-03-15,Kenya,657,17,Africa,2020,3,Mar 2020
2020-03-22,Kenya,561,11,Africa,2020,3,Mar 2020
2020-03-29,Kenya,630,13,Africa,2020,3,Mar 2020
2020-04-05,Kenya,705,20,Africa,2020,4,Apr 2020
2020-04-12,Kenya,596,13,Africa,2020,4,Apr 2020
2020-04-19,Kenya,609,14,Africa,2020,4,Apr 2020
2020-04-26,Kenya,656,13,Africa,2020,4,Apr 2020
2020-05-03,Kenya,856,22,Africa,2020,5,May 2020
2020-05-10,Kenya,779,25,Africa,2020,5,May 2020
2020-05-17,Kenya,998,21,Africa,2020,5,May 2020
2020-05-24,Kenya,842,21,Africa,2020,5,May 2020
2020-05-31,Kenya,918,27,Africa,2020,5,May 2020
2020-06-07,Kenya,1030,25,Africa,2020,6,Jun 2020
2020-06-14,Kenya,1087,28,Africa,2020,6,Jun 2020
2020-06-21,Kenya,1119,24,Africa,2020,6,Jun 2020
2020-06-28,Kenya,1094,28,Africa,2020,6,Jun 2020
2020-07-05,Kenya,1109,27,Africa,2020,7,Jul 2020
2020-07-12,Kenya,1107,30,Africa,2020,7,Jul 2020
2020-07-19,Kenya,1141,32,Africa,2020,7,Jul 2020
2020-07-26,Kenya,1082,34,Africa,2020,7,Jul 2020
2020-08-02,Kenya,1085,28,Africa,2020,8,Aug 2020
2020-08-09,Kenya,1151,29,Africa,2020,8,Aug 2020
2020-08-16,Kenya,1156,29,Africa,2020,8,Aug 2020
2020-08-23,Kenya,1151,27,Africa,2020,8,Aug 2020
2020-08-30,Kenya,1231,31,Africa,2020,8,Aug 2020
2020-09-06,Kenya,1255,30,Africa,2020,9,Sep 2020
2020-09-13,Kenya,1210,30,Africa,2020,9,Sep 2020
2020-09-20,Kenya,1297,36,Africa,2020,9,Sep 2020
2020-09-27,Kenya,1142,25,Africa,2020,9,Sep 2020
2020-10-04,Kenya,1198,33,Africa,2020,10,Oct 2020
2020-10-11,Kenya,1165,33,Africa,2020,10,Oct 2020
2020-10-18,Kenya,1091,26,Africa,2020,10,Oct 2020
2020-10-25,Kenya,1192,23,Africa,2020,10,Oct 2020
2020-11-01,Kenya,1181,27,Africa,2020,11,Nov 2020
2020-11-08,Kenya,1269,35,Africa,2020,11,Nov 2020
2020-11-15,Kenya,1204,30,Africa,2020,11,Nov 2020
2020-11-22,Kenya,1092,24,Africa,2020,11,Nov 2020
2020-11-29,Kenya,1250,29,Africa,2020,11,Nov 2020
2020-12-06,Kenya,1196,32,Africa,2020,12,Dec 2020
2020-12-13,Kenya,1140,30,Africa,2020,12,Dec 2020
2020-12-20,Kenya,1074,26,Africa,2020,12,Dec 2020
2020-12-27,Kenya,1012,24,Africa,2020,12,Dec 2020
2021-01-03,Kenya,1028,24,Africa,2021,1,Jan 2021
2021-01-10,Kenya,1096,24,Africa,2021,1,Jan 2021
2021-01-17,Kenya,1125,32,Africa,2021,1,Jan 2021
2021-01-24,Kenya,1085,26,Africa,2021,1,Jan 2021
2021-01-31,Kenya,944,27,Africa,2021,1,Jan 2021
2021-02-07,Kenya,888,26,Africa,2021,2,Feb 2021
2021-02-14,Kenya,946,26,Africa,2021,2,Feb 2021
2021-02-21,Kenya,814,19,Africa,2021,2,Feb 2021
2021-02-28,Kenya,923,24,Africa,2021,2,Feb 2021
2021-03-07,Kenya,880,21,Africa,2021,3,Mar 2021
2021-03-14,Kenya,846,18,Africa,2021,3,Mar 2021
2021-03-21,Kenya,766,20,Africa,2021,3,Mar 2021
2021-03-28,Kenya,881,18,Africa,2021,3,Mar 2021
2021-04-04,Kenya,808,23,Africa,2021,4,Apr 2021
2021-04-11,Kenya,761,17,Africa,2021,4,Apr 2021
2021-04-18,Kenya,651,16,Africa,2021,4,Apr 2021
2021-04-25,Kenya,816,21,Africa,2021,4,Apr 2021
2021-05-02,Kenya,919,22,Africa,2021,5,May 2021
2021-05-09,Kenya,909,24,Africa,2021,5,May 2021
2021-05-16,Kenya,780,18,Africa,2021,5,May 2021
2021-05-23,Kenya,770,21,Africa,2021,5,May 2021
2021-05-30,Kenya,834,16,Africa,2021,5,May 2021
2021-06-06,Kenya,747,19,Africa,2021,6,Jun 2021
2021-06-13,Kenya,826,26,Africa,2021,6,Jun 2021
2021-06-20,Kenya,856,18,Africa,2021,6,Jun 2021
2021-06-27,Kenya,886,20,Africa,2021,6,Jun 2021
2021-07-04,Kenya,809,21,Africa,2021,7,Jul 2021
2021-07-11,Kenya,805,20,Africa,2021,7,Jul 2021
2021-07-18,Kenya,766,20,Africa,2021,7,Jul 2021
2021-07-25,Kenya,771,20,Africa,2021,7,Jul 2021
2021-08-01,Kenya,808,22,Africa,2021,8,Aug 2021
2021-08-08,Kenya,845,24,Africa,2021,8,Aug 2021
2021-08-15,Kenya,877,23,Africa,2021,8,Aug 2021
2021-08-22,Kenya,772,18,Africa,2021,8,Aug 2021
2021-08-29,Kenya,907,24,Africa,2021,8,Aug 2021
2021-09-05,Kenya,798,25,Africa,2021,9,Sep 2021
2021-09-12,Kenya,807,19,Africa,2021,9,Sep 2021
2021-09-19,Kenya,757,16,Africa,2021,9,Sep 2021
2021-09-26,Kenya,648,19,Africa,2021,9,Sep 2021
2021-10-03,Kenya,836,20,Africa,2021,10,Oct 2021
2021-10-10,Kenya,816,13,Africa,2021,10,Oct 2021
2021-10-17,Kenya,741,21,Africa,2021,10,Oct 2021
2021-10-24,Kenya,747,17,Africa,2021,10,Oct 2021
2021-10-31,Kenya,758,18,Africa,2021,10,Oct 2021
2021-11-07,Kenya,615,16,Africa,2021,11,Nov 2021
2021-11-14,Kenya,658,17,Africa,2021,11,Nov 2021
2021-11-21,Kenya,717,20,Africa,2021,11,Nov 2021
2021-11-28,Kenya,573,13,Africa,2021,11,Nov 2021
2021-12-05,Kenya,643,17,Africa,2021,12,Dec 2021
2021-12-12,Kenya,520,12,Africa,2021,12,Dec 2021
2021-12-19,Kenya,605,17,Africa,2021,12,Dec 2021
2021-12-26,Kenya,550,15,Africa,2021,12,Dec 2021
2022-01-02,Kenya,430,7,Africa,2022,1,Jan 2022
2022-01-09,Kenya,571,17,Africa,2022,1,Jan 2022
2022-01-16,Kenya,431,9,Africa,2022,1,Jan 2022
2022-01-23,Kenya,401,12,Africa,2022,1,Jan 2022
2022-01-30,Kenya,435,11,Africa,2022,1,Jan 2022
2022-02-06,Kenya,467,17,Africa,2022,2,Feb 2022
2022-02-13,Kenya,312,7,Africa,2022,2,Feb 2022
2022-02-20,Kenya,352,7,Africa,2022,2,Feb 2022
2022-02-27,Kenya,350,8,Africa,2022,2,Feb 2022
2022-03-06,Kenya,343,7,Africa,2022,3,Mar 2022
2022-03-13,Kenya,289,9,Africa,2022,3,Mar 2022
2022-03-20,Kenya,235,1,Africa,2022,3,Mar 2022
2022-03-27,Kenya,187,1,Africa,2022,3,Mar 2022
2022-04-03,Kenya,222,2,Africa,2022,4,Apr 2022
2022-04-10,Kenya,134,6,Africa,2022,4,Apr 2022
2022-04-17,Kenya,5,5,Africa,2022,4,Apr 2022
2022-04-24,Kenya,190,4,Africa,2022,4,Apr 2022
2022-05-01,Kenya,203,4,Africa,2022,5,May 2022
2022-05-08,Kenya,0,0,Africa,2022,5,May 2022
2022-05-15,Kenya,60,4,Africa,2022,5,May 2022
2022-05-22,Kenya,145,0,Africa,2022,5,May 2022
2022-05-29,Kenya,220,6,Africa,2022,5,May 2022
2022-06-05,Kenya,87,5,Africa,2022,6,Jun 2022
2022-06-12,Kenya,33,2,Africa,2022,6,Jun 2022
2022-06-19,Kenya,57,1,Africa,2022,6,Jun 2022
2022-06-26,Kenya,142,6,Africa,2022,6,Jun 2022
2022-07-03,Kenya,14,0,Africa,2022,7,Jul 2022
2022-07-10,Kenya,0,2,Africa,2022,7,Jul 2022
2022-07-17,Kenya,11,0,Africa,2022,7,Jul 2022
2022-07-24,Kenya,0,0,Africa,2022,7,Jul 2022
2022-07-31,Kenya,38,2,Africa,2022,7,Jul 2022
2022-08-07,Kenya,124,7,Africa,2022,8,Aug 2022
2022-08-14,Kenya,42,0,Africa,2022,8,Aug 2022
2022-08-21,Kenya,4,2,Africa,2022,8,Aug 2022
2022-08-28,Kenya,0,4,Africa,2022,8,Aug 2022
2022-09-04,Kenya,0,3,Africa,2022,9,Sep 2022
2022-09-11,Kenya,65,6,Africa,2022,9,Sep 2022
2022-09-18,Kenya,5,2,Africa,2022,9,Sep 2022
2022-09-25,Kenya,0,0,Africa,2022,9,Sep 2022
2022-10-02,Kenya,199,0,Africa,2022,10,Oct 2022
2022-10-09,Kenya,24,0,Africa,2022,10,Oct 2022
2022-10-16,Kenya,0,0,Africa,2022,10,Oct 2022
2022-10-23,Kenya,0,6,Africa,2022,10,Oct 2022
2022-10-30,Kenya,72,1,Africa,2022,10,Oct 2022
2022-11-06,Kenya,9,0,Africa,2022,11,Nov 2022
2022-11-13,Kenya,0,1,Africa,2022,11,Nov 2022
2022-11-20,Kenya,57,1,Africa,2022,11,Nov 2022
2022-11-27,Kenya,0,5,Africa,2022,11,Nov 2022
2022-12-04,Kenya,113,0,Africa,2022,12,Dec 2022
2022-12-11,Kenya,65,2,Africa,2022,12,Dec 2022
2022-12-18,Kenya,0,0,Africa,2022,12,Dec 2022
2022-12-25,Kenya,77,0,Africa,2022,12,Dec 2022
2020-03-01,Ghana,418,7,Africa,2020,3,Mar 2020
2020-03-08,Ghana,477,4,Africa,2020,3,Mar 2020
2020-03-15,Ghana,484,2,Africa,2020,3,Mar 2020
2020-03-22,Ghana,498,5,Africa,2020,3,Mar 2020
2020-03-29,Ghana,488,6,Africa,2020,3,Mar 2020
2020-04-05,Ghana,590,8,Africa,2020,4,Apr 2020
2020-04-12,Ghana,542,4,Africa,2020,4,Apr 2020
2020-04-19,Ghana,697,8,Africa,2020,4,Apr 2020
2020-04-26,Ghana,689,7,Africa,2020,4,Apr 2020
2020-05-03,Ghana,635,6,Africa,2020,5,May 2020
2020-05-10,Ghana,728,11,Africa,2020,5,May 2020
2020-05-17,Ghana,733,6,Africa,2020,5,May 2020
2020-05-24,Ghana,821,9,Africa,2020,5,May 2020
2020-05-31,Ghana,905,10,Africa,2020,5,May 2020
2020-06-07,Ghana,756,9,Africa,2020,6,Jun 2020
2020-06-14,Ghana,893,9,Africa,2020,6,Jun 2020
2020-06-21,Ghana,903,10,Africa,2020,6,Jun 2020
2020-06-28,Ghana,974,10,Africa,2020,6,Jun 2020
2020-07-05,Ghana,972,11,Africa,2020,7,Jul 2020
2020-07-12,Ghana,941,9,Africa,2020,7,Jul 2020
2020-07-19,Ghana,985,11,Africa,2020,7,Jul 2020
2020-07-26,Ghana,978,10,Africa,2020,7,Jul 2020
2020-08-02,Ghana,1099,12,Africa,2020,8,Aug 2020
2020-08-09,Ghana,1056,11,Africa,2020,8,Aug 2020
2020-08-16,Ghana,1173,14,Africa,2020,8,Aug 2020
2020-08-23,Ghana,1077,11,Africa,2020,8,Aug 2020
2020-08-30,Ghana,1051,9,Africa,2020,8,Aug 2020
2020-09-06,Ghana,1015,12,Africa,2020,9,Sep 2020
2020-09-13,Ghana,1005,9,Africa,2020,9,Sep 2020
2020-09-20,Ghana,1020,10,Africa,2020,9,Sep 2020
2020-09-27,Ghana,1124,11,Africa,2020,9,Sep 2020
2020-10-04,Ghana,1137,14,Africa,2020,10,Oct 2020
2020-10-11,Ghana,1020,8,Africa,2020,10,Oct 2020
2020-10-18,Ghana,1152,16,Africa,2020,10,Oct 2020
2020-10-25,Ghana,1070,13,Africa,2020,10,Oct 2020
2020-11-01,Ghana,1097,12,Africa,2020,11,Nov 2020
2020-11-08,Ghana,1169,12,Africa,2020,11,Nov 2020
2020-11-15,Ghana,1118,12,Africa,2020,11,Nov 2020
2020-11-22,Ghana,1042,12,Africa,2020,11,Nov 2020
2020-11-29,Ghana,994,11,Africa,2020,11,Nov 2020
2020-12-06,Ghana,910,10,Africa,2020,12,Dec 2020
2020-12-13,Ghana,974,10,Africa,2020,12,Dec 2020
2020-12-20,Ghana,985,10,Africa,2020,12,Dec 2020
2020-12-27,Ghana,926,10,Africa,2020,12,Dec 2020
2021-01-03,Ghana,955,10,Africa,2021,1,Jan 2021
2021-01-10,Ghana,949,11,Africa,2021,1,Jan 2021
2021-01-17,Ghana,915,10,Africa,2021,1,Jan 2021
2021-01-24,Ghana,874,6,Africa,2021,1,Jan 2021
2021-01-31,Ghana,902,10,Africa,2021,1,Jan 2021
2021-02-07,Ghana,900,10,Africa,2021,2,Feb 2021
2021-02-14,Ghana,799,8,Africa,2021,2,Feb 2021
2021-02-21,Ghana,921,9,Africa,2021,2,Feb 2021
2021-02-28,Ghana,823,10,Africa,2021,2,Feb 2021
2021-03-07,Ghana,815,10,Africa,2021,3,Mar 2021
2021-03-14,Ghana,840,8,Africa,2021,3,Mar 2021
2021-03-21,Ghana,803,9,Africa,2021,3,Mar 2021
2021-03-28,Ghana,832,7,Africa,2021,3,Mar 2021
2021-04-04,Ghana,786,6,Africa,2021,4,Apr 2021
2021-04-11,Ghana,728,7,Africa,2021,4,Apr 2021
2021-04-18,Ghana,775,9,Africa,2021,4,Apr 2021
2021-04-25,Ghana,687,8,Africa,2021,4,Apr 2021
2021-05-02,Ghana,751,8,Africa,2021,5,May 2021
2021-05-09,Ghana,740,9,Africa,2021,5,May 2021
2021-05-16,Ghana,729,8,Africa,2021,5,May 2021
2021-05-23,Ghana,732,7,Africa,2021,5,May 2021
2021-05-30,Ghana,635,7,Africa,2021,5,May 2021
2021-06-06,Ghana,709,8,Africa,2021,6,Jun 2021
2021-06-13,Ghana,746,9,Africa,2021,6,Jun 2021
2021-06-20,Ghana,751,9,Africa,2021,6,Jun 2021
2021-06-27,Ghana,688,8,Africa,2021,6,Jun 2021
2021-07-04,Ghana,816,9,Africa,2021,7,Jul 2021
2021-07-11,Ghana,701,9,Africa,2021,7,Jul 2021
2021-07-18,Ghana,804,8,Africa,2021,7,Jul 2021
2021-07-25,Ghana,776,7,Africa,2021,7,Jul 2021
2021-08-01,Ghana,718,7,Africa,2021,8,Aug 2021
2021-08-08,Ghana,852,8,Africa,2021,8,Aug 2021
2021-08-15,Ghana,688,6,Africa,2021,8,Aug 2021
2021-08-22,Ghana,803,8,Africa,2021,8,Aug 2021
2021-08-29,Ghana,805,7,Africa,2021,8,Aug 2021
2021-09-05,Ghana,709,7,Africa,2021,9,Sep 2021
2021-09-12,Ghana,818,6,Africa,2021,9,Sep 2021
2021-09-19,Ghana,721,8,Africa,2021,9,Sep 2021
2021-09-26,Ghana,743,8,Africa,2021,9,Sep 2021
2021-10-03,Ghana,732,7,Africa,2021,10,Oct 2021
2021-10-10,Ghana,700,8,Africa,2021,10,Oct 2021
2021-10-17,Ghana,740,9,Africa,2021,10,Oct 2021
2021-10-24,Ghana,725,6,Africa,2021,10,Oct 2021
2021-10-31,Ghana,570,5,Africa,2021,10,Oct 2021
2021-11-07,Ghana,722,7,Africa,2021,11,Nov 2021
2021-11-14,Ghana,541,4,Africa,2021,11,Nov 2021
2021-11-21,Ghana,670,8,Africa,2021,11,Nov 2021
2021-11-28,Ghana,656,6,Africa,2021,11,Nov 2021
2021-12-05,Ghana,513,5,Africa,2021,12,Dec 2021
2021-12-12,Ghana,529,3,Africa,2021,12,Dec 2021
2021-12-19,Ghana,468,5,Africa,2021,12,Dec 2021
2021-12-26,Ghana,494,3,Africa,2021,12,Dec 2021
2022-01-02,Ghana,466,5,Africa,2022,1,Jan 2022
2022-01-09,Ghana,502,5,Africa,2022,1,Jan 2022
2022-01-16,Ghana,508,7,Africa,2022,1,Jan 2022
2022-01-23,Ghana,488,3,Africa,2022,1,Jan 2022
2022-01-30,Ghana,357,0,Africa,2022,1,Jan 2022
2022-02-06,Ghana,353,4,Africa,2022,2,Feb 2022
2022-02-13,Ghana,249,4,Africa,2022,2,Feb 2022
2022-02-20,Ghana,275,4,Africa,2022,2,Feb 2022
2022-02-27,Ghana,350,4,Africa,2022,2,Feb 2022
2022-03-06,Ghana,365,3,Africa,2022,3,Mar 2022
2022-03-13,Ghana,187,3,Africa,2022,3,Mar 2022
2022-03-20,Ghana,203,1,Africa,2022,3,Mar 2022
2022-03-27,Ghana,215,2,Africa,2022,3,Mar 2022
2022-04-03,Ghana,214,2,Africa,2022,4,Apr 2022
2022-04-10,Ghana,137,2,Africa,2022,4,Apr 2022
2022-04-17,Ghana,189,5,Africa,2022,4,Apr 2022
2022-04-24,Ghana,124,1,Africa,2022,4,Apr 2022
2022-05-01,Ghana,135,0,Africa,2022,5,May 2022
2022-05-08,Ghana,153,1,Africa,2022,5,May 2022
2022-05-15,Ghana,111,0,Africa,2022,5,May 2022
2022-05-22,Ghana,75,0,Africa,2022,5,May 2022
2022-05-29,Ghana,82,0,Africa,2022,5,May 2022
2022-06-05,Ghana,74,0,Africa,2022,6,Jun 2022
2022-06-12,Ghana,50,0,Africa,2022,6,Jun 2022
2022-06-19,Ghana,48,0,Africa,2022,6,Jun 2022
2022-06-26,Ghana,143,2,Africa,2022,6,Jun 2022
2022-07-03,Ghana,79,0,Africa,2022,7,Jul 2022
2022-07-10,Ghana,26,0,Africa,2022,7,Jul 2022
2022-07-17,Ghana,75,0,Africa,2022,7,Jul 2022
2022-07-24,Ghana,14,0,Africa,2022,7,Jul 2022
2022-07-31,Ghana,92,2,Africa,2022,7,Jul 2022
2022-08-07,Ghana,44,0,Africa,2022,8,Aug 2022
2022-08-14,Ghana,15,0,Africa,2022,8,Aug 2022
2022-08-21,Ghana,42,0,Africa,2022,8,Aug 2022
2022-08-28,Ghana,0,0,Africa,2022,8,Aug 2022
2022-09-04,Ghana,0,0,Africa,2022,9,Sep 2022
2022-09-11,Ghana,0,0,Africa,2022,9,Sep 2022
2022-09-18,Ghana,17,1,Africa,2022,9,Sep 2022
2022-09-25,Ghana,103,1,Africa,2022,9,Sep 2022
2022-10-02,Ghana,129,1,Africa,2022,10,Oct 2022
2022-10-09,Ghana,40,1,Africa,2022,10,Oct 2022
2022-10-16,Ghana,32,0,Africa,2022,10,Oct 2022
2022-10-23,Ghana,0,0,Africa,2022,10,Oct 2022
2022-10-30,Ghana,0,0,Africa,2022,10,Oct 2022
2022-11-06,Ghana,0,0,Africa,2022,11,Nov 2022
2022-11-13,Ghana,0,0,Africa,2022,11,Nov 2022
2022-11-20,Ghana,0,0,Africa,2022,11,Nov 2022
2022-11-27,Ghana,0,0,Africa,2022,11,Nov 2022
2022-12-04,Ghana,0,1,Africa,2022,12,Dec 2022
2022-12-11,Ghana,42,1,Africa,2022,12,Dec 2022
2022-12-18,Ghana,0,1,Africa,2022,12,Dec 2022
2022-12-25,Ghana,13,1,Africa,2022,12,Dec 2022
2020-03-01,Tunisia,2908,93,Africa,2020,3,Mar 2020
2020-03-08,Tunisia,3122,93,Africa,2020,3,Mar 2020
2020-03-15,Tunisia,3015,123,Africa,2020,3,Mar 2020
2020-03-22,Tunisia,3304,111,Africa,2020,3,Mar 2020
2020-03-29,Tunisia,3816,117,Africa,2020,3,Mar 2020
2020-04-05,Tunisia,4210,179,Africa,2020,4,Apr 2020
2020-04-12,Tunisia,3930,172,Africa,2020,4,Apr 2020
2020-04-19,Tunisia,4012,125,Africa,2020,4,Apr 2020
2020-04-26,Tunisia,4361,106,Africa,2020,4,Apr 2020
2020-05-03,Tunisia,4762,191,Africa,2020,5,May 2020
2020-05-10,Tunisia,4236,131,Africa,2020,5,May 2020
2020-05-17,Tunisia,4125,163,Africa,2020,5,May 2020
2020-05-24,Tunisia,4921,123,Africa,2020,5,May 2020
2020-05-31,Tunisia,4868,192,Africa,2020,5,May 2020
2020-06-07,Tunisia,5293,155,Africa,2020,6,Jun 2020
2020-06-14,Tunisia,5590,213,Africa,2020,6,Jun 2020
2020-06-21,Tunisia,5648,198,Africa,2020,6,Jun 2020
2020-06-28,Tunisia,6472,203,Africa,2020,6,Jun 2020
2020-07-05,Tunisia,6228,208,Africa,2020,7,Jul 2020
2020-07-12,Tunisia,6359,239,Africa,2020,7,Jul 2020
2020-07-19,Tunisia,6603,233,Africa,2020,7,Jul 2020
2020-07-26,Tunisia,6108,228,Africa,2020,7,Jul 2020
2020-08-02,Tunisia,6980,292,Africa,2020,8,Aug 2020
2020-08-09,Tunisia,6689,195,Africa,2020,8,Aug 2020
2020-08-16,Tunisia,7038,285,Africa,2020,8,Aug 2020
2020-08-23,Tunisia,6503,230,Africa,2020,8,Aug 2020
2020-08-30,Tunisia,6397,201,Africa,2020,8,Aug 2020
2020-09-06,Tunisia,7276,222,Africa,2020,9,Sep 2020
2020-09-13,Tunisia,7159,245,Africa,2020,9,Sep 2020
2020-09-20,Tunisia,6735,258,Africa,2020,9,Sep 2020
2020-09-27,Tunisia,6758,233,Africa,2020,9,Sep 2020
2020-10-04,Tunisia,7454,297,Africa,2020,10,Oct 2020
2020-10-11,Tunisia,6630,196,Africa,2020,10,Oct 2020
2020-10-18,Tunisia,7595,265,Africa,2020,10,Oct 2020
2020-10-25,Tunisia,6667,202,Africa,2020,10,Oct 2020
2020-11-01,Tunisia,7157,259,Africa,2020,11,Nov 2020
2020-11-08,Tunisia,6760,258,Africa,2020,11,Nov 2020
2020-11-15,Tunisia,7017,235,Africa,2020,11,Nov 2020
2020-11-22,Tunisia,6538,165,Africa,2020,11,Nov 2020
2020-11-29,Tunisia,6585,235,Africa,2020,11,Nov 2020
2020-12-06,Tunisia,6564,240,Africa,2020,12,Dec 2020
2020-12-13,Tunisia,6100,223,Africa,2020,12,Dec 2020
2020-12-20,Tunisia,6606,261,Africa,2020,12,Dec 2020
2020-12-27,Tunisia,6060,185,Africa,2020,12,Dec 2020
2021-01-03,Tunisia,6049,228,Africa,2021,1,Jan 2021
2021-01-10,Tunisia,5669,227,Africa,2021,1,Jan 2021
2021-01-17,Tunisia,5007,131,Africa,2021,1,Jan 2021
2021-01-24,Tunisia,5725,208,Africa,2021,1,Jan 2021
2021-01-31,Tunisia,6526,216,Africa,2021,1,Jan 2021
2021-02-07,Tunisia,5848,202,Africa,2021,2,Feb 2021
2021-02-14,Tunisia,5462,199,Africa,2021,2,Feb 2021
2021-02-21,Tunisia,5277,172,Africa,2021,2,Feb 2021
2021-02-28,Tunisia,5282,168,Africa,2021,2,Feb 2021
2021-03-07,Tunisia,5377,189,Africa,2021,3,Mar 2021
2021-03-14,Tunisia,4690,137,Africa,2021,3,Mar 2021
2021-03-21,Tunisia,5419,163,Africa,2021,3,Mar 2021
2021-03-28,Tunisia,5212,199,Africa,2021,3,Mar 2021
2021-04-04,Tunisia,5154,152,Africa,2021,4,Apr 2021
2021-04-11,Tunisia,5004,191,Africa,2021,4,Apr 2021
2021-04-18,Tunisia,4815,179,Africa,2021,4,Apr 2021
2021-04-25,Tunisia,5008,132,Africa,2021,4,Apr 2021
2021-05-02,Tunisia,4952,156,Africa,2021,5,May 2021
2021-05-09,Tunisia,4601,190,Africa,2021,5,May 2021
2021-05-16,Tunisia,4512,133,Africa,2021,5,May 2021
2021-05-23,Tunisia,4741,154,Africa,2021,5,May 2021
2021-05-30,Tunisia,5247,194,Africa,2021,5,May 2021
2021-06-06,Tunisia,4275,168,Africa,2021,6,Jun 2021
2021-06-13,Tunisia,4203,140,Africa,2021,6,Jun 2021
2021-06-20,Tunisia,4785,152,Africa,2021,6,Jun 2021
2021-06-27,Tunisia,4758,201,Africa,2021,6,Jun 2021
2021-07-04,Tunisia,4815,211,Africa,2021,7,Jul 2021
2021-07-11,Tunisia,4853,193,Africa,2021,7,Jul 2021
2021-07-18,Tunisia,4702,166,Africa,2021,7,Jul 2021
2021-07-25,Tunisia,5312,166,Africa,2021,7,Jul 2021
2021-08-01,Tunisia,4237,127,Africa,2021,8,Aug 2021
2021-08-08,Tunisia,4510,170,Africa,2021,8,Aug 2021
2021-08-15,Tunisia,4762,176,Africa,2021,8,Aug 2021
2021-08-22,Tunisia,4214,181,Africa,2021,8,Aug 2021
2021-08-29,Tunisia,4712,180,Africa,2021,8,Aug 2021
2021-09-05,Tunisia,5332,149,Africa,2021,9,Sep 2021
2021-09-12,Tunisia,4726,191,Africa,2021,9,Sep 2021
2021-09-19,Tunisia,4759,142,Africa,2021,9,Sep 2021
2021-09-26,Tunisia,4188,137,Africa,2021,9,Sep 2021
2021-10-03,Tunisia,4355,158,Africa,2021,10,Oct 2021
2021-10-10,Tunisia,4371,201,Africa,2021,10,Oct 2021
2021-10-17,Tunisia,4314,227,Africa,2021,10,Oct 2021
2021-10-24,Tunisia,4787,182,Africa,2021,10,Oct 2021
2021-10-31,Tunisia,4438,150,Africa,2021,10,Oct 2021
2021-11-07,Tunisia,3750,144,Africa,2021,11,Nov 2021
2021-11-14,Tunisia,4114,165,Africa,2021,11,Nov 2021
2021-11-21,Tunisia,4082,135,Africa,2021,11,Nov 2021
2021-11-28,Tunisia,4180,190,Africa,2021,11,Nov 2021
2021-12-05,Tunisia,4202,152,Africa,2021,12,Dec 2021
2021-12-12,Tunisia,3156,122,Africa,2021,12,Dec 2021
2021-12-19,Tunisia,3085,124,Africa,2021,12,Dec 2021
2021-12-26,Tunisia,2783,107,Africa,2021,12,Dec 2021
2022-01-02,Tunisia,2993,125,Africa,2022,1,Jan 2022
2022-01-09,Tunisia,3088,92,Africa,2022,1,Jan 2022
2022-01-16,Tunisia,3119,95,Africa,2022,1,Jan 2022
2022-01-23,Tunisia,2596,63,Africa,2022,1,Jan 2022
2022-01-30,Tunisia,2360,93,Africa,2022,1,Jan 2022
2022-02-06,Tunisia,2377,102,Africa,2022,2,Feb 2022
2022-02-13,Tunisia,1885,77,Africa,2022,2,Feb 2022
2022-02-20,Tunisia,2765,137,Africa,2022,2,Feb 2022
2022-02-27,Tunisia,1331,46,Africa,2022,2,Feb 2022
2022-03-06,Tunisia,1823,80,Africa,2022,3,Mar 2022
2022-03-13,Tunisia,2336,55,Africa,2022,3,Mar 2022
2022-03-20,Tunisia,1504,43,Africa,2022,3,Mar 2022
2022-03-27,Tunisia,1315,63,Africa,2022,3,Mar 2022
2022-04-03,Tunisia,1142,60,Africa,2022,4,Apr 2022
2022-04-10,Tunisia,1095,31,Africa,2022,4,Apr 2022
2022-04-17,Tunisia,1536,52,Africa,2022,4,Apr 2022
2022-04-24,Tunisia,184,0,Africa,2022,4,Apr 2022
2022-05-01,Tunisia,1405,40,Africa,2022,5,May 2022
2022-05-08,Tunisia,285,31,Africa,2022,5,May 2022
2022-05-15,Tunisia,612,35,Africa,2022,5,May 2022
2022-05-22,Tunisia,482,29,Africa,2022,5,May 2022
2022-05-29,Tunisia,772,28,Africa,2022,5,May 2022
2022-06-05,Tunisia,0,0,Africa,2022,6,Jun 2022
2022-06-12,Tunisia,610,5,Africa,2022,6,Jun 2022
2022-06-19,Tunisia,1106,55,Africa,2022,6,Jun 2022
2022-06-26,Tunisia,0,10,Africa,2022,6,Jun 2022
2022-07-03,Tunisia,375,25,Africa,2022,7,Jul 2022
2022-07-10,Tunisia,39,0,Africa,2022,7,Jul 2022
2022-07-17,Tunisia,386,0,Africa,2022,7,Jul 2022
2022-07-24,Tunisia,213,34,Africa,2022,7,Jul 2022
2022-07-31,Tunisia,0,0,Africa,2022,7,Jul 2022
2022-08-07,Tunisia,326,0,Africa,2022,8,Aug 2022
2022-08-14,Tunisia,766,43,Africa,2022,8,Aug 2022
2022-08-21,Tunisia,49,0,Africa,2022,8,Aug 2022
2022-08-28,Tunisia,351,38,Africa,2022,8,Aug 2022
2022-09-04,Tunisia,0,15,Africa,2022,9,Sep 2022
2022-09-11,Tunisia,0,16,Africa,2022,9,Sep 2022
2022-09-18,Tunisia,227,0,Africa,2022,9,Sep 2022
2022-09-25,Tunisia,571,49,Africa,2022,9,Sep 2022
2022-10-02,Tunisia,168,12,Africa,2022,10,Oct 2022
2022-10-09,Tunisia,0,0,Africa,2022,10,Oct 2022
2022-10-16,Tunisia,31,4,Africa,2022,10,Oct 2022
2022-10-23,Tunisia,0,0,Africa,2022,10,Oct 2022
2022-10-30,Tunisia,233,18,Africa,2022,10,Oct 2022
2022-11-06,Tunisia,327,0,Africa,2022,11,Nov 2022
2022-11-13,Tunisia,0,0,Africa,2022,11,Nov 2022
2022-11-20,Tunisia,0,0,Africa,2022,11,Nov 2022
2022-11-27,Tunisia,103,30,Africa,2022,11,Nov 2022
2022-12-04,Tunisia,0,0,Africa,2022,12,Dec 2022
2022-12-11,Tunisia,0,37,Africa,2022,12,Dec 2022
2022-12-18,Tunisia,740,12,Africa,2022,12,Dec 2022
2022-12-25,Tunisia,0,0,Africa,2022,12,Dec 2022
